Id;Last Name;First Name;Patronymic;Rating
1;Трофим;Яшихин;Иннокентиевич;62,53758443637638
2;Артемий;Касатый;Тимурович;95,05998873853125
3;Леонид;Охрема;Агапович;37,08869262462887
4;Юрий;Блоков;Андриянович;15,297147219673333
5;Емельян;Яков;Георгиевич;25,061620504158373
6;Юрий;Радыгин;Анатолиевич;77,93545950107996
7;Модест;Немов;Платонович;78,56600809775573
8;Феликс;Сарана;Макарович;77,03612957943051
9;Леонид;Кудяшов;Климентович;97,96536713743832
10;Родион;Квятковский;Ефремович;79,64705586416976
11;Феликс;Яровый;Агапович;83,92714871276503
12;Семён;Филин;Макарович;53,55382620056803
13;Антон;Шаньгин;Игнатиевич;97,22291035448336
14;Ярослав;Собачкин;Ефремович;26,36345700657156
15;Марк;Болтунов;Леонович;72,12626578850964
16;Фадей;Низенький;Наумович;48,822535178075796
17;Вацлав;Ухтомский;Александрович;95,60174704324535
18;Ярослав;Можаев;Родионович;17,566690788402546
19;Капитон;Смолин;Мечиславович;37,616889941327685
20;Ульян;Геремеш;Платонович;99,2005276024344
21;Остап;Левченко;Иосифович;4,571881938992013
22;Сократ;Ярославцев;Натанович;80,11890853760714
23;Александр;Ястребенецкий;Михаилович;68,85327769855655
24;Виталий;Маланов;Семенович;98,29584676693001
25;Борислав;Ухтомский;Кондратович;33,808020937167115
26;Матвей;Косомов;Эдуардович;13,293667609474467
27;Степан;Поздов;Федосиевич;23,75554043043197
28;Степан;Охрема;Владимирович;44,98354804002845
29;Антип;Бессмертный;Пахомович;99,82251343309065
30;Глеб;Бакшаев;Евстафиевич;2,3662484727642723
31;Павел;Можаев;Макарович;55,72416133048207
32;Кирилл;Голубчиков;Вадимович;41,78035955027694
33;Артемий;Ястребенецкий;Измаилович;60,357817802744826
34;Сергей;Бессмертный;Эдуардович;62,16826427828905
35;Капитон;Муравьёв;Тимурович;30,163458562532185
36;Мстислав;Пищальников;Епифанович;9,794229227022374
37;Матвей;Алехин;Игоревич;90,96932862464773
38;Феликс;Касатый;Остапович;10,537157352332564
39;Тарас;Колдаев;Панкратиевич;87,2963903878333
40;Кирилл;Грузинский;Владимирович;60,90330749792201
41;Зиновий;Кондратов;Егорович;67,55465514378373
42;Иларион;Салтыков;Епифанович;34,95347422312641
43;Саввелий;Суботин;Иосифович;19,285416006709177
44;Сократ;Климов;Макарович;40,9266294636422
45;Давид;Блоков;Гаврилевич;88,78674888461211
46;Наум;Жванец;Чеславович;81,24072397185523
47;Всеслав;Курепин;Андриянович;51,16685775628633
48;Станислав;Бессмертный;Давидович;54,7865573106271
49;Дементий;Жванец;Прокофиевич;32,60142213320426
50;Владимир;Алехин;Давидович;39,13531556685237
51;Емельян;Терегулов;Егорович;6,51604258758763
52;Анатолий;Немцев;Несторович;5,052533375589426
53;Владлен;Низенький;Георгиевич;10,382718178621827
54;Мстислав;Низенький;Кондратович;7,984928231679335
55;Прокофий;Левченко;Леонидович;33,76710816927585
56;Остап;Ухтомский;Семенович;60,20934626469824
57;Григорий;Балдагуев;Феоктистович;29,72579827985065
58;Мирон;Халимдаров;Давыдович;53,426521994837806
59;Вацлав;Бикеев;Пахомович;75,9829639345328
60;Сергей;Суботин;Андронович;57,15539784038225
61;Федот;Ястребенецкий;Георгиевич;0,8010942492639154
62;Виталий;Квятковский;Эдуардович;57,98128738905363
63;Андрей;Грибков;Яковович;44,67290236832244
64;Лавр;Южанин;Прокофиевич;17,9986420171329
65;Изяслав;Кондратов;Саввевич;34,205955422579294
66;Глеб;Бессмертный;Федорович;97,88463953783952
67;Мстислав;Покалюк;Еремеевич;48,56999420959968
68;Ульян;Золотарёв;Онуфриевич;80,96529305026182
69;Вадим;Михальченков;Савелиевич;64,87379398423889
70;Емельян;Терегулов;Леонович;34,4244158055747
71;Максим;Аршавин;Натанович;53,16922876665798
72;Никанор;Ухтомский;Михаилович;13,421889121374994
73;Виктор;Смолин;Адрианович;86,8116784313748
74;Владимир;Михальченков;Егорович;94,01654959377672
75;Иосиф;Ясько;Кондратиевич;89,31335489699308
76;Фадей;Строганов;Ипполитович;77,9711055932432
77;Степан;Строганов;Кириллович;4,925667636527526
78;Федосий;Балдагуев;Прокофиевич;89,71493984093654
79;Ефрем;Лепихов;Миронович;48,33000863358844
80;Максим;Трапезников;Тихонович;78,20658384738796
81;Григорий;Толбанов;Миронович;42,977098349005495
82;Мечислав;Ли;Владимирович;12,41799807754252
83;Марк;Курицын;Самуилович;3,483973957357916
84;Дементий;Терегулов;Гаврилевич;38,68095704292923
85;Тарас;Болтунов;Данилевич;27,37510345288324
86;Марк;Гущин;Егорович;23,877953655960948
87;Герасим;Салтыков;Давидович;74,18230263245398
88;Иосиф;Травкин;Андриянович;38,50121360202377
89;Федот;Алехин;Тимурович;13,714061637275881
90;Антон;Покалюк;Денисович;11,637756233866213
91;Клавдий;Михальченков;Савелиевич;33,03309745762176
92;Павел;Курепин;Наумович;75,33213136500314
93;Вацлав;Лепихов;Валерьянович;71,59321148488354
94;Самсон;Яков;Давидович;26,28623984115489
95;Эрнст;Колбенев;Мечиславович;35,60023719239991
96;Сидор;Грузинский;Ефремович;77,611793660378
97;Александр;Кондратов;Зиновиевич;43,48936255252425
98;Еремей;Трухин;Гаврилевич;55,31582113137274
99;Клавдий;Немов;Яковович;52,8650607228582
100;Ульян;Косяк;Зиновиевич;25,87548919295682
101;Валерьян;Муравьёв;Игоревич;73,20882215779686
102;Макар;Каменских;Юриевич;33,41321346043293
103;Антон;Казакевич;Эдуардович;43,38869379991139
104;Семён;Пищальников;Федосиевич;22,680439391490275
105;Зиновий;Радыгин;Феоктистович;3,4733380672863396
106;Авдей;Немов;Ерофеевич;82,8246135184656
107;Марк;Охрема;Леонидович;28,839452345315113
108;Семен;Кондратов;Епифанович;28,74480701458864
109;Самуил;Золотарёв;Самуилович;22,089122339193302
110;Эрнест;Голубчиков;Агапович;22,916227170692864
111;Максим;Левченко;Давидович;50,60273872250819
112;Сигизмунд;Цур-Милен;Олегович;99,32691045074115
113;Саввелий;Крамник;Валерьянович;40,61743013589523
114;Семен;Терентьев;Федосиевич;25,895345828447187
115;Самсон;Касатый;Карлович;31,489907219768458
116;Иван;Бессмертный;Самсонович;81,28688222788595
117;Анатолий;Шкригунов;Серафимович;34,33989842158737
118;Адам;Можаев;Саввевич;2,737597330816834
119;Феликс;Шкригунов;Феоктистович;43,514069655683855
120;Адам;Островский;Эрнестович;42,3815611947242
121;Дементий;Сарана;Афанасиевич;59,562801876833106
122;Даниил;Южанин;Яковович;21,5036421183048
123;Владлен;Гнусарев;Кондратович;36,17124792010116
124;Зиновий;Ящук;Родионович;56,910088032907844
125;Макар;Никаев;Вадимович;4,024685828026704
126;Андрей;Южанин;Прокофиевич;75,46431714457661
127;Капитон;Ясько;Никонович;55,52874214739014
128;Игнатий;Яковченко;Саввевич;60,402390575223784
129;Мирон;Трухин;Елизарович;70,69728736332492
130;Модест;Болтунов;Кириллович;87,791462143786
131;Вадим;Немцев;Остапович;43,87148592801368
132;Антон;Геремеш;Андреевич;2,142486303179751
133;Макар;Ярославцев;Наумович;25,466193363753238
134;Сигизмунд;Карабатов;Савелиевич;69,87103175831541
135;Артемий;Ли;Игоревич;99,01271345979194
136;Юрий;Гриневец;Самуилович;93,09006742811299
137;Аристарх;Южанин;Ипатович;60,957138035892115
138;Трофим;Золотарёв;Филимонович;66,27628447780212
139;Вадим;Алехин;Фролович;4,6601280126069335
140;Феоктист;Болтунов;Архипович;26,17122820865886
141;Василий;Щукин;Леонович;94,96532510731616
142;Станислав;Цур-Милен;Давидович;22,188413200056374
143;Остап;Лепихов;Гордеевич;51,982916170723236
144;Степан;Лепихов;Кириллович;86,87609070300873
145;Иосиф;Трапезников;Леонович;93,48330930503239
146;Емельян;Сарана;Кондратович;83,435853050759
147;Фадей;Михальченков;Прокофиевич;7,8866706266471525
148;Ростислав;Гриневец;Саввевич;36,133195709499155
149;Всеслав;Золотарёв;Прохорович;36,611584684165
150;Тихон;Шаньгин;Ипполитович;1,6643583782316922
151;Модест;Суботин;Ипполитович;57,054329876347595
152;Григорий;Каменских;Ерофеевич;13,629663229747518
153;Андрей;Ясько;Эмилевич;60,622292645565366
154;Изяслав;Гребенщиков;Феоктистович;21,44738627665089
155;Григорий;Немцев;Прокофиевич;24,808977648992546
156;Борислав;Можаев;Тимурович;91,49919128580912
157;Леонид;Болтунов;Ипатиевич;11,333214450317069
158;Федот;Косомов;Платонович;90,39468750841668
159;Платон;Салтыков;Сократович;18,347588283171685
160;Всеслав;Грибков;Макарович;4,334501132524806
161;Валентин;Кондратов;Валериевич;84,94930946498611
162;Самуил;Покалюк;Артемиевич;53,54641180184968
163;Еремей;Муравьёв;Юриевич;2,8042571632211364
164;Юрий;Бессмертный;Егорович;8,461439147806466
165;Викентий;Охрема;Филимонович;68,52198320837783
166;Пимен;Яровый;Игнатиевич;70,51757321251443
167;Агафон;Кондратов;Зиновиевич;1,703490131396563
168;Аристарх;Нюхтилин;Леонович;76,28511291755602
169;Павел;Сазонов;Саввевич;52,27718537313733
170;Кирилл;Гнусарев;Карлович;80,16029804952457
171;Мирон;Немов;Иннокентиевич;67,17366290612783
172;Вацлав;Карабатов;Даниилович;45,321299529318374
173;Павел;Ухтомский;Миронович;37,24729974625972
174;Эрнст;Блоков;Федотович;74,90413243645064
175;Андрей;Крутов;Эдуардович;9,565099053813658
176;Наум;Гнусарев;Владимирович;69,38465240848467
177;Зиновий;Карабатов;Давыдович;98,3284277833665
178;Даниил;Рюриков;Леонидович;30,440123346839158
179;Эммануил;Колбенев;Онуфриевич;62,58793764868189
180;Эммануил;Пищальников;Афанасиевич;78,69298429167503
181;Мечислав;Карабатов;Артемиевич;10,567287593412813
182;Сократ;Гнусарев;Андреевич;22,69610065161069
183;Борислав;Гнусарев;Сократович;33,27926980949904
184;Герман;Гребенщиков;Саввевич;27,90712640988972
185;Анатолий;Элефтеров;Панкратиевич;36,86101936589042
186;Клавдий;Аршавин;Титович;28,138759931614043
187;Трофим;Толбанов;Фролович;73,62347025127312
188;Юрий;Жванец;Адрианович;83,84747998036792
189;Сократ;Филин;Александрович;93,21548258569813
190;Адриан;Пищальников;Филимонович;96,21857655989872
191;Андрей;Алехин;Юриевич;32,329207254727
192;Всеслав;Болтунов;Андронович;23,695883491866237
193;Прохор;Ухтомский;Александрович;41,36514321033151
194;Артем;Можаев;Макарович;35,40373241314838
195;Самуил;Кондратов;Сократович;28,711812304664313
196;Филипп;Яков;Евстафиевич;49,25678407273106
197;Прокофий;Строганов;Ульянович;36,97288676024083
198;Бронислав;Яков;Измаилович;50,470405002343654
199;Агафон;Болтунов;Юриевич;52,529280144967736
200;Бронислав;Собачкин;Анатолиевич;55,67851912029018
201;Феоктист;Алогрин;Даниилович;63,458682905630525
202;Филимон;Южанин;Иосифович;23,25330359081426
203;Мирон;Ковальчук;Валериевич;33,31956967400367
204;Виктор;Низенький;Игнатиевич;98,55777546696261
205;Артемий;Жванец;Миронович;93,07691394029042
206;Борислав;Никаев;Иннокентиевич;77,52280332032721
207;Иларион;Ястребенецкий;Ипатович;0,12486497877392218
208;Ярослав;Смолин;Фролович;69,09137660129525
209;Даниил;Балдагуев;Сергеевич;10,28485522153082
210;Модест;Щукин;Андриянович;38,538081915368366
211;Тихон;Бикеев;Феоктистович;25,717832113484775
212;Филипп;Нюхтилин;Кириллович;60,77810607886786
213;Федот;Можаев;Прохорович;33,00660687173093
214;Ефрем;Яковченко;Иосифович;91,83988412462169
215;Герасим;Охрема;Сигизмундович;44,35627294907173
216;Аристарх;Ростов;Феоктистович;52,53983193661078
217;Владлен;Цур-Милен;Натанович;89,35502985927977
218;Сергей;Яков;Прохорович;11,030093958149708
219;Вацлав;Гребенщиков;Олегович;84,98994772554839
220;Капитон;Крутов;Святославович;95,39385698521224
221;Филимон;Аршавин;Ипполитович;46,56557643160484
222;Макар;Климов;Агапович;91,45479830515329
223;Вадим;Михальченков;Самуилович;43,62135596741986
224;Семен;Карабатов;Мирославович;20,918418849314758
225;Степан;Бакшаев;Панкратиевич;13,151913654595573
226;Наум;Болтунов;Панкратиевич;79,17318361772838
227;Иларион;Аршавин;Тихонович;51,715491130815586
228;Бронислав;Яшихин;Кондратович;58,49569759261593
229;Макар;Гадолин;Федотович;2,287959448195975
230;Феоктист;Климов;Федотович;84,70659907195093
231;Григорий;Колбенев;Саввевич;1,2442846788299664
232;Лавр;Ростов;Зиновиевич;39,543432388242074
233;Филимон;Курзыбов;Титович;35,098960034129654
234;Павел;Бикеев;Самуилович;83,7378582375766
235;Владимир;Яковченко;Андреевич;27,177368722472977
236;Эрнест;Терегулов;Миронович;34,57980297253458
237;Артемий;Курзыбов;Чеславович;26,32951332550939
238;Глеб;Маланов;Евстафиевич;34,83943284248907
239;Серафим;Ярославцев;Эдуардович;84,4615303838912
240;Мечислав;Шкригунов;Святославович;52,34982611255246
241;Борислав;Гадолин;Ипполитович;97,54307689030797
242;Викентий;Шкригунов;Эрнестович;20,74470767786014
243;Адам;Собачкин;Прокофиевич;31,409532079198183
244;Платон;Крутов;Агапович;81,74287652677991
245;Сергей;Карабатов;Георгиевич;46,35271874552254
246;Валерьян;Колбенев;Валерьянович;21,974692410777646
247;Трофим;Пищальников;Платонович;57,23114631009807
248;Федосий;Никаев;Владимирович;8,90140412789835
249;Всеслав;Ярославцев;Данилевич;38,10789675363707
250;Григорий;Косомов;Прохорович;79,01036393782607
251;Максим;Левченко;Мирославович;49,95237889231759
252;Адриан;Шкригунов;Глебович;70,13820250059393
253;Семен;Рюриков;Вадимович;77,21994378474538
254;Давид;Балдагуев;Саввевич;65,67407397817544
255;Емельян;Трапезников;Родионович;38,832017471469946
256;Самуил;Квятковский;Данилевич;59,351517427410705
257;Прохор;Можаев;Ефремович;98,06929412207998
258;Авдей;Курицын;Афанасиевич;41,66811138469173
259;Гаврила;Ли;Кондратович;52,40985329840792
260;Никифор;Балдагуев;Изяславович;93,04911908369937
261;Владимир;Геремеш;Касьянович;36,68541062468915
262;Саввелий;Климов;Несторович;17,641870406289524
263;Иван;Травкин;Артемиевич;3,8908374513922435
264;Трофим;Цур-Милен;Артемович;6,057758399312272
265;Платон;Алехин;Георгиевич;45,94476769955119
266;Вацлав;Казакевич;Федосиевич;23,563796944713125
267;Викентий;Бикеев;Изяславович;78,72273520507046
268;Изяслав;Немов;Фомевич;90,99977686582122
269;Адриан;Элефтеров;Федорович;64,54308026681798
270;Федот;Смолин;Кондратович;29,264924595721496
271;Капитон;Травкин;Валерьянович;48,84899167756037
272;Самуил;Якшибаев;Данилевич;93,86042006959227
273;Остап;Алогрин;Давидович;39,953545127042354
274;Матвей;Строганов;Александрович;89,42097848719963
275;Прокофий;Трапезников;Мирославович;43,34088132872287
276;Марк;Муравьёв;Игнатиевич;21,241270900350656
277;Капитон;Лепихов;Андриянович;55,971196832121905
278;Филипп;Кондратов;Владимирович;52,27046997857767
279;Прокофий;Якшибаев;Натанович;84,21131259957855
280;Авдей;Курепин;Давидович;71,9873900394828
281;Григорий;Крамник;Евстафиевич;48,64667912416471
282;Антип;Курепин;Серафимович;46,80485275890904
283;Саввелий;Пищальников;Ефремович;38,59080948801284
284;Эммануил;Лихачев;Игоревич;45,11744940891743
285;Виктор;Карабатов;Ефремович;64,3221868967275
286;Лавр;Курепин;Михеевич;44,150786960567714
287;Семен;Лобза;Еремеевич;21,043822225669317
288;Андрей;Гнусарев;Еремеевич;86,57005940869918
289;Трофим;Травкин;Вадимович;23,746905766309663
290;Ярослав;Ярославцев;Казимирович;85,0366456364452
291;Капитон;Климов;Давидович;60,02439593897406
292;Лев;Грибков;Фролович;33,93709488862059
293;Сократ;Гриневец;Георгиевич;32,63494485646251
294;Константин;Трухин;Олегович;36,68235942566877
295;Константин;Якшибаев;Чеславович;10,565942251387025
296;Филипп;Левченко;Мечиславович;76,12735534837812
297;Эммануил;Якшибаев;Игоревич;14,08700780667691
298;Вацлав;Щепкин;Феоктистович;52,07765030305723
299;Эрнст;Грибков;Кириллович;13,84446453947782
300;Эрнст;Якшибаев;Архипович;75,73950717958598
301;Викентий;Алехин;Карлович;49,70778522533727
302;Викентий;Алогрин;Гордеевич;0,6205554588793569
303;Еремей;Симакин;Давидович;17,768956961933966
304;Вадим;Элефтеров;Тимурович;86,9315091459693
305;Степан;Ярославцев;Валериевич;45,129170010392166
306;Вадим;Ящук;Фомевич;86,52607197245865
307;Кирилл;Симакин;Денисович;4,861981936200514
308;Сидор;Колдаев;Федотович;32,4060768971248
309;Семён;Колбенев;Иосифович;30,39320191852432
310;Викентий;Климов;Самсонович;25,1767223352458
311;Антип;Жванец;Юриевич;3,381514131734853
312;Валентин;Шаньгин;Ипатович;81,96562504487373
313;Константин;Курзыбов;Наумович;85,82672215338178
314;Прохор;Никаев;Савелиевич;99,51459895796823
315;Мстислав;Элефтеров;Адрианович;11,712490167334904
316;Сидор;Жванец;Сергеевич;29,61992678680454
317;Владлен;Халимдаров;Мечиславович;35,94335878078982
318;Иосиф;Ермолин;Макарович;70,96954745751319
319;Агафон;Касатый;Эмилевич;88,61344446829214
320;Степан;Лобза;Кондратиевич;56,86209702718169
321;Тарас;Ящук;Эдуардович;19,094245424072373
322;Иосиф;Никаев;Артемиевич;5,807867974884746
323;Аристарх;Халимдаров;Касьянович;56,12972614175161
324;Лавр;Шаньгин;Елизарович;42,95016086797703
325;Александр;Гнусарев;Несторович;39,06505938575839
326;Григорий;Собачкин;Наумович;35,55171808020757
327;Артем;Смолин;Елизарович;71,48133612772513
328;Никифор;Цур-Милен;Давыдович;74,28583441036093
329;Семён;Грузинский;Ульянович;12,246506899710049
330;Агафон;Сазонов;Тихонович;92,13753258443322
331;Иосиф;Ящук;Эмилевич;63,91969200406209
332;Виталий;Геремеш;Федосиевич;22,809105470222004
333;Валентин;Лепихов;Егорович;41,317827786001295
334;Виктор;Лобза;Ипполитович;72,04792176934328
335;Борислав;Яковченко;Измаилович;8,840841571260635
336;Вацлав;Болтунов;Игоревич;22,294983883525703
337;Никанор;Левченко;Натанович;43,92894894998937
338;Мстислав;Болтунов;Эдуардович;87,36556935467085
339;Филимон;Ли;Александрович;40,52818750055888
340;Мирослав;Островский;Иннокентиевич;42,3295306238949
341;Валентин;Бессмертный;Савелиевич;44,67244671875259
342;Семен;Бакшаев;Епифанович;20,663576210226665
343;Сократ;Капылюшный;Святославович;7,832365905787967
344;Даниил;Трухин;Гордеевич;11,908548098014924
345;Ростислав;Никаев;Валериевич;8,65399265133496
346;Игнатий;Алехин;Ульянович;1,8448953525372296
347;Антип;Щукин;Глебович;18,85938137716585
348;Ефрем;Грибков;Андреевич;33,097229727123505
349;Феоктист;Каценеленбоген;Фомевич;27,281191585250752
350;Ульян;Покалюк;Мирославович;65,52327520471218
351;Артем;Каменских;Денисович;37,429879436935245
352;Лев;Казакевич;Гордеевич;42,319436344466844
353;Давид;Терегулов;Игнатиевич;64,28073847865721
354;Сигизмунд;Болтунов;Богданович;60,96207558222212
355;Викентий;Ростов;Карлович;76,92262259168673
356;Капитон;Казакевич;Леонович;97,50790414284351
357;Юрий;Бикеев;Фомевич;52,77290886862804
358;Вацлав;Алехин;Феоктистович;40,93221763192314
359;Трофим;Бикеев;Федорович;64,67469761365777
360;Платон;Гриневец;Иосифович;53,4415402698524
361;Макар;Голубчиков;Ипполитович;82,60159449772983
362;Сократ;Поздов;Ростиславович;5,6772605076792
363;Лавр;Никаев;Ростиславович;37,92401619158872
364;Лавр;Казакевич;Данилевич;78,83109444697905
365;Анатолий;Терегулов;Пахомович;78,46546218659051
366;Давид;Травкин;Богданович;66,58466149428145
367;Петр;Цур-Милен;Несторович;16,01557965204845
368;Степан;Смолин;Михаилович;97,40213737702096
369;Григорий;Бессмертный;Данилевич;10,041318931636084
370;Григорий;Низенький;Александрович;29,787296163750486
371;Родион;Курзыбов;Филимонович;72,25176271621686
372;Вадим;Щукин;Изяславович;13,243099075389605
373;Борислав;Радыгин;Остапович;49,74137244268385
374;Ростислав;Трухин;Гаврилевич;2,367454162969931
375;Зиновий;Лепихов;Эрнестович;31,941335570039847
376;Изяслав;Покалюк;Владимирович;58,46194194558167
377;Наум;Левченко;Филимонович;26,168795733791217
378;Остап;Гребенщиков;Фролович;26,7700621982897
379;Мирон;Голубев;Эмилевич;14,321225608848605
380;Модест;Рюриков;Самсонович;65,4340040243389
381;Архип;Грузинский;Прохорович;39,73855499165997
382;Герман;Грузинский;Давидович;87,93544936363374
383;Лев;Кондратов;Кириллович;4,7364403050096895
384;Модест;Трухин;Самуилович;46,36547209060075
385;Дементий;Курицын;Пахомович;40,3871615605369
386;Трофим;Рюриков;Федотович;79,58979270401866
387;Ярослав;Никаев;Родионович;68,3834415713248
388;Эрнест;Грибков;Ефремович;55,581532258345526
389;Иларион;Кудяшов;Несторович;64,48854341380697
390;Макар;Косяк;Михаилович;66,96737998489634
391;Пимен;Яшихин;Иннокентиевич;66,56649297409062
392;Семен;Смолин;Сергеевич;76,84778588677187
393;Александр;Гущин;Натанович;28,523120157664234
394;Давид;Симакин;Вадимович;75,69536817059637
395;Герасим;Болтунов;Игнатиевич;54,569270068113354
396;Сергей;Косяк;Семенович;53,87147634936099
397;Владлен;Сазонов;Касьянович;83,20119007639643
398;Феоктист;Касатый;Святославович;85,76933941141206
399;Эрнст;Южанин;Александрович;57,617919872336984
400;Гаврила;Карабатов;Мечиславович;36,21783397915672
401;Прохор;Курицын;Гордеевич;64,6984111353282
402;Наум;Немцев;Анатолиевич;35,89292114409288
403;Прокофий;Строганов;Ефремович;18,17317759533095
404;Ульян;Грибков;Артемович;44,652229056066005
405;Изяслав;Ясько;Фролович;64,26930127864206
406;Семен;Лепихов;Измаилович;34,014682534157615
407;Федосий;Симакин;Федорович;37,50577300670825
408;Пимен;Терегулов;Еремеевич;42,07387396231008
409;Игнатий;Яков;Леонтиевич;83,75082201499065
410;Эрнест;Алогрин;Эмилевич;66,0371043095538
411;Мирослав;Алогрин;Фролович;94,96450247008563
412;Андрей;Якшибаев;Зиновиевич;1,2936190242383718
413;Самсон;Строганов;Савелиевич;29,678761786631664
414;Павел;Травкин;Александрович;58,562824948952915
415;Иван;Ястребенецкий;Артемиевич;27,956761665622125
416;Эрнест;Шаньгин;Андриянович;48,16596878141443
417;Лев;Покалюк;Эрнестович;14,422268194343088
418;Родион;Гриневец;Макарович;69,21356891710943
419;Федот;Колдаев;Кондратиевич;91,28401395458916
420;Эрнст;Немцев;Прохорович;49,760136310830774
421;Павел;Сазонов;Панкратиевич;25,957031792941056
422;Федот;Рюриков;Андриянович;70,61347913491235
423;Онуфрий;Гнусарев;Артемиевич;27,409192746230026
424;Артем;Лобза;Наумович;95,75935592677413
425;Самсон;Поздов;Владимирович;89,41437745905219
426;Константин;Островский;Валериевич;95,0361009198409
427;Тарас;Суботин;Владимирович;50,528215640470485
428;Аристарх;Ковальчук;Панкратиевич;56,58386566517123
429;Сидор;Касатый;Андреевич;36,2929415126764
430;Андрей;Балдагуев;Даниилович;34,645910111556724
431;Ярослав;Лепихов;Давидович;74,10932149463767
432;Максим;Жванец;Владимирович;80,82707425617942
433;Мстислав;Никаев;Мирославович;32,67931958319588
434;Лев;Немов;Андриянович;63,87057037272983
435;Остап;Ящук;Прохорович;8,691051233881643
436;Глеб;Золотарёв;Прохорович;41,542325840118494
437;Филимон;Низенький;Кириллович;10,48889984865156
438;Федосий;Цур-Милен;Тимурович;68,42659025845424
439;Степан;Алехин;Гаврилевич;50,630418700459614
440;Семён;Бикеев;Фролович;82,5819482945753
441;Фадей;Сазонов;Семенович;76,52552643629048
442;Артем;Ясько;Климентович;69,07959239048864
443;Сократ;Немцев;Макарович;11,879820056203668
444;Анатолий;Филин;Федосиевич;31,212374535953803
445;Валентин;Климов;Казимирович;50,1673207851906
446;Адриан;Алехин;Ефремович;73,71033973698987
447;Эммануил;Колдаев;Ерофеевич;36,602834442911124
448;Глеб;Квятковский;Несторович;13,004462101033173
449;Иосиф;Крамник;Натанович;90,67770787080643
450;Ефрем;Терегулов;Несторович;37,51064065727901
451;Леонид;Голубчиков;Владимирович;55,36330223798905
452;Гаврила;Шаньгин;Карлович;38,70584850139257
453;Кирилл;Толбанов;Прохорович;19,88090435968754
454;Петр;Ясько;Сергеевич;51,98130759037161
455;Фадей;Квятковский;Титович;81,97792688476756
456;Капитон;Немцев;Натанович;96,30522415801195
457;Ефрем;Покалюк;Натанович;69,81949781524925
458;Сигизмунд;Блоков;Леонович;93,01095800148833
459;Клавдий;Смолин;Леонидович;83,760265393071
460;Игнатий;Смолин;Семенович;9,955416764111918
461;Станислав;Немов;Яковович;88,25370612938596
462;Юрий;Кудяшов;Родионович;1,1121452325545929
463;Ульян;Голубчиков;Еремеевич;51,08874936173146
464;Эрнест;Золотарёв;Савелиевич;95,97511812857124
465;Вацлав;Охрема;Адрианович;72,7649409662769
466;Федот;Болотников;Егорович;56,9092035092922
467;Модест;Жванец;Прокофиевич;47,198294777049824
468;Герман;Блоков;Яковович;53,226498865162256
469;Никифор;Собачкин;Титович;96,56619238507291
470;Игнатий;Ростов;Даниилович;70,69396305395941
471;Ярослав;Сарана;Никонович;6,87547917797951
472;Артемий;Гребенщиков;Архипович;43,78222834495
473;Иларион;Бессмертный;Платонович;69,23799913806748
474;Ростислав;Казакевич;Эмилевич;74,63470025669537
475;Адриан;Терентьев;Наумович;56,73485107567853
476;Прокофий;Грибков;Михеевич;94,0701770102932
477;Вацлав;Бикеев;Ипатиевич;72,5423868617706
478;Еремей;Балдагуев;Давидович;96,38586090709356
479;Сократ;Филин;Кириллович;0,2970453818780581
480;Пимен;Яковченко;Карлович;93,03203830171006
481;Герасим;Гриневец;Кондратиевич;49,7142195933099
482;Константин;Ермолин;Архипович;88,21227652403167
483;Антон;Немцев;Ипполитович;33,313227041304685
484;Матвей;Крамник;Валериевич;41,16104200536434
485;Родион;Элефтеров;Андреевич;23,024774120666446
486;Константин;Шкригунов;Артемович;78,49329513427489
487;Мстислав;Кондратов;Тимурович;80,88088705245447
488;Авдей;Сазонов;Наумович;39,62557634321301
489;Емельян;Сарана;Онуфриевич;89,93348273911211
490;Антип;Ялбачев;Тимурович;42,93659499051822
491;Фадей;Филин;Остапович;93,0805209991897
492;Лавр;Курепин;Сократович;45,726747366472495
493;Саввелий;Колдаев;Игоревич;93,52868762497263
494;Ефрем;Элефтеров;Ипатиевич;13,71594365393554
495;Федот;Собачкин;Самуилович;52,05890240709247
496;Адам;Покалюк;Ипполитович;36,185804911044336
497;Наум;Жванец;Юриевич;51,04009511463349
498;Герман;Охрема;Филимонович;10,884560184033848
499;Мстислав;Шаньгин;Афанасиевич;30,516989170814394
500;Агафон;Крутов;Титович;75,98409884422277
501;Остап;Ястребенецкий;Афанасиевич;17,774365105561152
502;Емельян;Ясько;Фомевич;1,789069781912989
503;Филимон;Муравьёв;Панкратиевич;84,63168087631077
504;Мечислав;Немцев;Панкратиевич;68,83952346110695
505;Платон;Косяк;Федосиевич;23,62154462543388
506;Иосиф;Рюриков;Андронович;8,672187155425636
507;Онуфрий;Золотарёв;Измаилович;27,839122632443498
508;Вадим;Бакшаев;Агапович;56,27833272157159
509;Модест;Каменских;Гаврилевич;9,747954695368165
510;Иван;Крутов;Эрнестович;76,42632409763817
511;Саввелий;Гриневец;Архипович;24,255320301398317
512;Мстислав;Ростов;Иосифович;1,2707336811678176
513;Ульян;Шаньгин;Саввевич;74,91597499461658
514;Саввелий;Цур-Милен;Валериевич;7,264973692253686
515;Петр;Рюриков;Мечиславович;80,82213601135749
516;Иларион;Ермолин;Кириллович;88,94725474014284
517;Матвей;Ростов;Валерьянович;20,910237506455854
518;Никифор;Карабатов;Натанович;92,62733147136277
519;Бронислав;Курзыбов;Владимирович;43,27557540651205
520;Самсон;Квятковский;Федотович;98,89083956316618
521;Трофим;Квятковский;Панкратиевич;21,608266896385825
522;Андрей;Левченко;Михеевич;40,842627147605
523;Владимир;Каменских;Иннокентиевич;57,11384222708355
524;Платон;Ли;Ипатович;50,80553728658964
525;Родион;Охрема;Андронович;30,436176541464487
526;Вадим;Каценеленбоген;Игнатиевич;8,89826124017046
527;Эммануил;Радыгин;Денисович;30,78410491849487
528;Ярослав;Каценеленбоген;Тихонович;21,12570662103859
529;Артемий;Поздов;Титович;51,00251471204801
530;Авдей;Ястребенецкий;Глебович;15,517221538125176
531;Игнатий;Косомов;Святославович;49,324419651797236
532;Давид;Колбенев;Андреевич;78,55887905627436
533;Зиновий;Яшихин;Фомевич;39,603000758030916
534;Саввелий;Аршавин;Касьянович;22,595180814431597
535;Тихон;Лепихов;Еремеевич;38,444379455616875
536;Игнатий;Шкригунов;Серафимович;30,539905247529926
537;Адриан;Шаньгин;Прохорович;30,26481435180866
538;Эрнест;Грибков;Миронович;0,5339582453174322
539;Василий;Охрема;Владимирович;60,6980281698974
540;Борислав;Филин;Георгиевич;53,22217757498016
541;Макар;Цур-Милен;Ипатович;57,77906857327515
542;Ярослав;Терентьев;Давыдович;50,786158792109305
543;Викентий;Квятковский;Эрнестович;36,31765359841178
544;Даниил;Жванец;Андриянович;49,962037592177296
545;Емельян;Трапезников;Андронович;21,940869149724428
546;Викентий;Колбенев;Мирославович;88,10952035156522
547;Виктор;Блоков;Кириллович;4,823934242512999
548;Архип;Ли;Прохорович;79,82961851164215
549;Вацлав;Толбанов;Адрианович;90,3476657766605
550;Петр;Шкригунов;Панкратиевич;13,25775441399671
551;Валентин;Крамник;Карлович;37,17738498802175
552;Андрей;Бессмертный;Иосифович;79,51250359393308
553;Федосий;Ли;Тимурович;45,047845246758236
554;Петр;Шаньгин;Ипатиевич;21,646452425814445
555;Матвей;Халимдаров;Натанович;82,34144681242363
556;Викентий;Низенький;Федорович;2,764436045086214
557;Платон;Симакин;Артемович;64,68651511924645
558;Авдей;Ковальчук;Вадимович;86,0137721458514
559;Изяслав;Трапезников;Артемович;11,520295595526834
560;Игнатий;Золотарёв;Титович;84,13644143572843
561;Никанор;Можаев;Вадимович;56,067451255427414
562;Андрей;Кондратов;Владимирович;15,00210935017192
563;Тихон;Немцев;Тимурович;58,35843903867455
564;Валерьян;Ухтомский;Леонович;19,375775158114628
565;Феликс;Капылюшный;Панкратиевич;82,75108262093323
566;Ярослав;Крамник;Адрианович;64,32288664594427
567;Трофим;Климов;Игнатиевич;90,88556314394137
568;Иван;Голубчиков;Михеевич;12,440047931130998
569;Федосий;Болтунов;Тимурович;69,43359839237928
570;Изяслав;Суботин;Макарович;49,99719799961764
571;Еремей;Собачкин;Федотович;48,19782741749558
572;Владлен;Гребенщиков;Остапович;62,899551895865955
573;Сидор;Лепихов;Платонович;16,398917984403166
574;Даниил;Кондратов;Платонович;17,290595088755055
575;Всеслав;Бессмертный;Никонович;70,34720260200427
576;Пимен;Ли;Серафимович;80,97398899540956
577;Капитон;Крамник;Карлович;41,6815821275495
578;Тарас;Можаев;Артемович;16,142071977323884
579;Архип;Блоков;Давидович;13,598272443561942
580;Трофим;Балдагуев;Епифанович;59,19538389853918
581;Ростислав;Голубев;Артемович;55,062400714989
582;Родион;Поздов;Карлович;64,01857024245828
583;Филипп;Гребенщиков;Давыдович;40,128077166214624
584;Онуфрий;Кондратов;Несторович;0,19741253936542782
585;Антон;Лепихов;Сергеевич;41,82926930572338
586;Филимон;Ярославцев;Михеевич;55,64809518663589
587;Юрий;Балдагуев;Фролович;84,7958898566644
588;Емельян;Каценеленбоген;Ерофеевич;96,30218879147534
589;Иван;Голубчиков;Глебович;85,86145680670695
590;Мечислав;Шаньгин;Мечиславович;81,89196967607921
591;Борислав;Капылюшный;Родионович;71,06879305609911
592;Вацлав;Ялбачев;Владимирович;73,88770322962091
593;Анатолий;Терегулов;Фомевич;92,21558016362394
594;Родион;Никаев;Андриянович;15,869662405862318
595;Адриан;Лихачев;Еремеевич;83,35768789209318
596;Трофим;Можаев;Святославович;33,427738367313395
597;Марк;Крамник;Савелиевич;86,54868252880344
598;Платон;Ясько;Ерофеевич;67,05824246958748
599;Сократ;Пищальников;Михаилович;61,81433930146244
600;Лавр;Нюхтилин;Иннокентиевич;60,3710362037509
601;Филимон;Поздов;Агапович;66,61445180262182
602;Антип;Собачкин;Олегович;18,750878339051678
603;Гаврила;Терентьев;Леонович;58,14995791676918
604;Юрий;Капылюшный;Филимонович;60,1820557658477
605;Самуил;Геремеш;Семенович;79,92991100993468
606;Кирилл;Покалюк;Эмилевич;46,01195470709911
607;Сигизмунд;Гущин;Валериевич;34,106215291706015
608;Феоктист;Собачкин;Ульянович;18,296628686737563
609;Иван;Покалюк;Артемиевич;33,47898434543935
610;Тарас;Кудяшов;Федосиевич;16,636237789241708
611;Лавр;Сарана;Эрнестович;11,433368321244311
612;Родион;Голубчиков;Ульянович;91,36386294447065
613;Константин;Травкин;Леонидович;72,5446479267183
614;Еремей;Косомов;Георгиевич;60,85398884529899
615;Прокофий;Аршавин;Давыдович;8,797435885666607
616;Андрей;Болотников;Валериевич;78,89602402173729
617;Пимен;Бессмертный;Данилевич;75,36650173150305
618;Серафим;Ясько;Измаилович;35,31564913471958
619;Константин;Сазонов;Сергеевич;54,535953865636124
620;Марк;Ухтомский;Андриянович;42,613253110373975
621;Гаврила;Ростов;Святославович;32,57403109808175
622;Адриан;Яшихин;Валерьянович;31,850815625791817
623;Артем;Щукин;Давидович;79,41894111196461
624;Станислав;Колбенев;Архипович;70,54530413381072
625;Сидор;Кудяшов;Андронович;72,07583509016588
626;Гаврила;Пищальников;Адрианович;13,700214174436507
627;Сигизмунд;Шаньгин;Иосифович;19,68127508632898
628;Мстислав;Охрема;Леонидович;27,845179302545812
629;Герман;Ковальчук;Андреевич;47,79831243110742
630;Григорий;Балдагуев;Давыдович;18,5301104646782
631;Виталий;Гущин;Игоревич;82,7025325888314
632;Борислав;Бакшаев;Федосиевич;58,507257960041635
633;Валентин;Колбенев;Платонович;65,92505060412225
634;Макар;Цур-Милен;Леонович;35,727269824467264
635;Мстислав;Собачкин;Афанасиевич;15,954873159506766
636;Адам;Поздов;Никонович;3,8992852922059993
637;Кирилл;Ермолин;Адрианович;24,63731133594984
638;Всеслав;Ялбачев;Тихонович;70,0905702403237
639;Агафон;Голубчиков;Натанович;51,36930111393766
640;Давид;Суботин;Леонтиевич;13,926973759162692
641;Иларион;Тотенков;Артемиевич;42,912844122812544
642;Феоктист;Ковальчук;Архипович;26,603112521862197
643;Эрнст;Охрема;Кондратиевич;53,79877162808495
644;Кирилл;Ястребенецкий;Несторович;35,401254443172945
645;Викентий;Аршавин;Макарович;92,23302257816913
646;Валерьян;Строганов;Измаилович;8,756603816876469
647;Дементий;Колбенев;Афанасиевич;92,66980294728177
648;Артемий;Бессмертный;Адрианович;31,311204718105124
649;Никифор;Маланов;Казимирович;33,9081507334058
650;Кирилл;Сарана;Мирославович;92,89580969740442
651;Борислав;Курицын;Даниилович;94,32603274207844
652;Филимон;Яков;Ульянович;67,55868362614824
653;Валентин;Никаев;Адрианович;18,854852262351127
654;Ульян;Поздов;Святославович;27,21311232410982
655;Виктор;Золотарёв;Иосифович;49,83433012377207
656;Модест;Квятковский;Пахомович;67,0492259632094
657;Ефрем;Сазонов;Глебович;36,88976035308547
658;Константин;Каценеленбоген;Савелиевич;46,02707952541628
659;Феликс;Трухин;Измаилович;23,63668127154777
660;Филимон;Квятковский;Филимонович;91,64602355642525
661;Капитон;Аршавин;Леонидович;8,829848146452496
662;Анатолий;Крутов;Святославович;35,92622444775245
663;Родион;Ясько;Александрович;9,286423544067155
664;Ярослав;Косомов;Кондратович;88,90776256514144
665;Станислав;Радыгин;Ерофеевич;5,362864912190878
666;Платон;Квятковский;Леонович;46,62196996930147
667;Бронислав;Строганов;Данилевич;80,42030137983164
668;Валентин;Левченко;Фролович;91,44041174624135
669;Лавр;Яковченко;Касьянович;16,316280521599708
670;Артемий;Бакшаев;Самуилович;99,69877582029383
671;Валерьян;Болотников;Кондратиевич;44,86544469598003
672;Онуфрий;Казакевич;Егорович;89,34745056989951
673;Викентий;Маланов;Кондратович;19,495554603401363
674;Юрий;Пищальников;Касьянович;34,02621985134958
675;Адриан;Сазонов;Сократович;86,27736358264339
676;Григорий;Покалюк;Даниилович;97,53638608266432
677;Аристарх;Низенький;Климентович;89,69271461930718
678;Авдей;Халимдаров;Архипович;55,26493287424786
679;Ростислав;Гадолин;Изяславович;34,96964393880667
680;Ульян;Немов;Эмилевич;40,287060588731926
681;Сергей;Голубчиков;Давыдович;29,913846044761055
682;Ефрем;Алогрин;Артемиевич;64,06938492509974
683;Викентий;Щепкин;Миронович;16,501756718615887
684;Самуил;Сазонов;Епифанович;90,4982866209458
685;Владлен;Крутов;Кондратович;71,45229828145928
686;Сидор;Алехин;Карлович;76,19317121626491
687;Вацлав;Строганов;Никонович;61,74582636996444
688;Саввелий;Салтыков;Иосифович;58,20809316737954
689;Давид;Трапезников;Ростиславович;89,16843179108967
690;Филимон;Ясько;Олегович;79,04430710666082
691;Модест;Ли;Святославович;35,72464414673142
692;Ярослав;Кондратов;Агапович;82,96805512298273
693;Самуил;Крутов;Глебович;93,96761972176266
694;Антон;Каценеленбоген;Давыдович;55,00038869446162
695;Остап;Халимдаров;Олегович;21,080266275014854
696;Бронислав;Немов;Вячеславович;10,341813326972451
697;Никанор;Собачкин;Андреевич;62,5714175694489
698;Артем;Аршавин;Кондратович;81,01380336145581
699;Филипп;Можаев;Андриянович;21,03146520491292
700;Лев;Карабатов;Адрианович;22,983515785533708
701;Сергей;Ли;Давыдович;87,88141603017291
702;Прохор;Бакшаев;Самсонович;57,64610788675309
703;Онуфрий;Щепкин;Филимонович;45,70006110970865
704;Филимон;Ермолин;Артемович;91,93938066807547
705;Кирилл;Курицын;Семенович;99,18142924978464
706;Филимон;Ермолин;Федосиевич;84,52034247318298
707;Ростислав;Капылюшный;Ипатиевич;26,689964452148395
708;Владлен;Трухин;Леонидович;98,8881184248664
709;Онуфрий;Сарана;Родионович;28,88964057382645
710;Лавр;Жванец;Тихонович;4,128304079234741
711;Иван;Терентьев;Филимонович;42,24783440225191
712;Бронислав;Немов;Пахомович;33,639815698210064
713;Иларион;Маланов;Миронович;72,9702037633258
714;Лев;Шкригунов;Леонович;87,43272432472217
715;Самсон;Балдагуев;Игнатиевич;83,88120847934914
716;Матвей;Алехин;Глебович;25,675151276250908
717;Иван;Балдагуев;Леонидович;45,736115121159756
718;Эммануил;Бикеев;Александрович;38,27342928306825
719;Сократ;Никаев;Феоктистович;66,7406531827248
720;Самуил;Ли;Даниилович;58,576669431560056
721;Наум;Маланов;Леонтиевич;82,94571180965086
722;Серафим;Терентьев;Ипполитович;15,802381846961744
723;Леонид;Поздов;Богданович;24,329359421659895
724;Адриан;Бессмертный;Зиновиевич;57,819529649717516
725;Герасим;Немцев;Гаврилевич;5,076641358936504
726;Иларион;Грибков;Агапович;3,4994422940069074
727;Вацлав;Болотников;Егорович;60,73786241968063
728;Макар;Гребенщиков;Даниилович;17,118614221512626
729;Викентий;Алехин;Андриянович;4,355106085704223
730;Филимон;Квятковский;Гаврилевич;1,874403004476057
731;Ростислав;Рюриков;Денисович;25,509352062600364
732;Валерьян;Жванец;Карлович;35,07407490865983
733;Максим;Пищальников;Сигизмундович;35,298099944041155
734;Григорий;Ковальчук;Георгиевич;79,4031449497692
735;Герасим;Немцев;Егорович;44,826642305043826
736;Мирон;Касатый;Сигизмундович;13,814981381322713
737;Кирилл;Касатый;Федорович;83,99699855781951
738;Герман;Гнусарев;Святославович;59,869368122829755
739;Петр;Золотарёв;Платонович;40,12137662625005
740;Мирон;Южанин;Глебович;67,83315197929421
741;Глеб;Блоков;Яковович;68,41654906441296
742;Кирилл;Грузинский;Карлович;34,9296207702391
743;Остап;Охрема;Фролович;29,55747937297331
744;Аристарх;Карабатов;Денисович;10,963378851750576
745;Платон;Терентьев;Данилевич;55,47513885212836
746;Кирилл;Лобза;Ульянович;94,28182430299084
747;Леонид;Яровый;Зиновиевич;44,755319759601406
748;Платон;Нюхтилин;Ульянович;22,99433672940095
749;Зиновий;Низенький;Евстафиевич;49,38651497912897
750;Герман;Ухтомский;Фролович;16,27041758795754
751;Константин;Крутов;Саввевич;87,88715418795456
752;Леонид;Немцев;Давидович;11,250667791464677
753;Александр;Грузинский;Кондратович;58,958652456737425
754;Мечислав;Сарана;Тимурович;77,3550757567189
755;Агафон;Курзыбов;Феоктистович;92,8139274906432
756;Агафон;Бакшаев;Агапович;18,01510970947105
757;Феоктист;Поздов;Гаврилевич;37,200205185078175
758;Адриан;Грибков;Наумович;61,5041022009701
759;Игнатий;Ящук;Климентович;59,404543162977575
760;Ефрем;Грузинский;Мирославович;23,5188271028543
761;Глеб;Филин;Святославович;25,402672321257498
762;Семён;Якшибаев;Прокофиевич;6,523858758864859
763;Григорий;Болотников;Прокофиевич;40,14521126642134
764;Валентин;Низенький;Чеславович;48,05142020250271
765;Сократ;Яков;Агапович;7,187201132619382
766;Вацлав;Болотников;Феоктистович;98,44917743394579
767;Иван;Геремеш;Иннокентиевич;28,845142679682535
768;Тихон;Каценеленбоген;Никонович;29,045067554826414
769;Феликс;Можаев;Климентович;23,91501782644308
770;Изяслав;Колбенев;Натанович;70,37095221242447
771;Дементий;Элефтеров;Андронович;17,0817350116939
772;Мечислав;Аршавин;Леонтиевич;16,234676454325523
773;Ефрем;Можаев;Яковович;98,19427784448223
774;Константин;Сарана;Никонович;33,8304390822679
775;Сидор;Шаньгин;Иосифович;52,68281826408712
776;Гаврила;Травкин;Вадимович;95,49256944819008
777;Капитон;Капылюшный;Никонович;59,616360422045155
778;Мирон;Грибков;Епифанович;24,45284213146793
779;Мстислав;Филин;Натанович;97,16219082342563
780;Валентин;Яшихин;Кондратиевич;47,23172418178605
781;Феликс;Бакшаев;Гаврилевич;32,94640753089749
782;Модест;Сарана;Ерофеевич;74,99063074355509
783;Семен;Нюхтилин;Гаврилевич;85,60917507186959
784;Ульян;Гнусарев;Адрианович;53,79762693950796
785;Наум;Яковченко;Измаилович;74,53132400965845
786;Эммануил;Поздов;Климентович;97,00704957219169
787;Мирослав;Левченко;Леонович;65,30871012495305
788;Максим;Алогрин;Мирославович;47,10382304485134
789;Агафон;Курзыбов;Прокофиевич;83,22396054082735
790;Борислав;Алогрин;Макарович;13,779785257661615
791;Глеб;Михальченков;Кондратиевич;73,01994439820756
792;Эрнст;Тотенков;Афанасиевич;55,79809404713944
793;Глеб;Болотников;Иннокентиевич;42,649143115919614
794;Марк;Терегулов;Олегович;89,81886156360565
795;Игнатий;Яковченко;Яковович;53,71799126906227
796;Мирон;Кудяшов;Феоктистович;62,141763540982154
797;Иван;Грузинский;Архипович;87,63716858235988
798;Константин;Можаев;Филимонович;21,30343919680614
799;Аристарх;Терегулов;Фролович;93,17659414055599
800;Зиновий;Тотенков;Андронович;36,03863075191091
801;Герасим;Левченко;Тимурович;44,283130971846695
802;Анатолий;Щепкин;Эмилевич;70,97619048830876
803;Викентий;Ярославцев;Вячеславович;77,71284732861112
804;Борислав;Терегулов;Вадимович;93,45271279730495
805;Петр;Шаньгин;Афанасиевич;97,736257360194
806;Даниил;Можаев;Сергеевич;56,616589965585895
807;Семен;Жванец;Изяславович;72,28902041553008
808;Игнатий;Ростов;Данилевич;6,229396353582571
809;Павел;Грибков;Анатолиевич;43,491334208981755
810;Антон;Гнусарев;Филимонович;47,29788794522075
811;Вадим;Лобза;Адрианович;27,305199358288757
812;Эрнст;Рюриков;Феоктистович;38,213067798974485
813;Валентин;Ящук;Измаилович;50,15999677132815
814;Антон;Голубчиков;Прохорович;89,63578762003955
815;Авдей;Кондратов;Эмилевич;44,53053467186658
816;Герасим;Карабатов;Егорович;47,838333131670176
817;Адриан;Цур-Милен;Мирославович;61,206315067227145
818;Саввелий;Якшибаев;Евстафиевич;74,95132329638643
819;Прохор;Гадолин;Игоревич;73,03577688198341
820;Григорий;Грузинский;Касьянович;50,415338459618084
821;Валентин;Левченко;Елизарович;21,920596864968818
822;Кирилл;Яровый;Фролович;89,18563606645243
823;Константин;Суботин;Леонович;97,81944644535866
824;Агафон;Лепихов;Игоревич;66,29798122043627
825;Трофим;Курицын;Архипович;76,91395835807265
826;Изяслав;Яровый;Никонович;93,1471683518715
827;Никифор;Ермолин;Макарович;76,10153163601716
828;Давид;Болтунов;Эдуардович;39,79343880889632
829;Матвей;Климов;Еремеевич;85,94201094747615
830;Феликс;Гадолин;Карлович;31,585602011338622
831;Феликс;Яков;Наумович;72,25501102966024
832;Саввелий;Алехин;Давыдович;78,80693640504354
833;Лев;Халимдаров;Семенович;76,4042399248128
834;Глеб;Немцев;Иосифович;98,32243341874445
835;Еремей;Болтунов;Савелиевич;80,14486324048828
836;Эммануил;Золотарёв;Игоревич;63,88724779891187
837;Герман;Ухтомский;Карлович;20,975936446793348
838;Авдей;Немцев;Глебович;52,092894051267244
839;Эрнст;Ясько;Кириллович;23,58125239777437
840;Ульян;Низенький;Агапович;39,74277574557009
841;Владлен;Геремеш;Игнатиевич;66,36896215675816
842;Матвей;Муравьёв;Давыдович;86,44087062517222
843;Максим;Сарана;Юриевич;0,7507438774922601
844;Онуфрий;Шкригунов;Казимирович;63,21155045331063
845;Мирослав;Терентьев;Титович;92,09612668123847
846;Владлен;Собачкин;Фомевич;17,49934671330235
847;Авдей;Охрема;Артемович;59,58850386533351
848;Артемий;Крутов;Федорович;44,671106359302584
849;Гаврила;Щепкин;Сигизмундович;2,2622126165135823
850;Родион;Яшихин;Данилевич;0,14498750685946435
851;Мстислав;Суботин;Федорович;19,458176623777568
852;Всеслав;Квятковский;Фомевич;81,6222392402693
853;Сигизмунд;Лепихов;Давидович;31,216897643737912
854;Адриан;Бикеев;Тимурович;84,90783538897887
855;Валерьян;Никаев;Федосиевич;26,160714461543
856;Феоктист;Гадолин;Федотович;0,5986458624706817
857;Филипп;Касатый;Натанович;64,95990807421501
858;Гаврила;Курицын;Прокофиевич;87,41024615588144
859;Игнатий;Охрема;Самсонович;98,1427099081421
860;Самуил;Яков;Мирославович;40,89865188156192
861;Серафим;Толбанов;Прокофиевич;99,28232580389937
862;Глеб;Яровый;Зиновиевич;44,09916156162469
863;Феоктист;Капылюшный;Яковович;50,87995228864251
864;Дементий;Яковченко;Михаилович;71,90898469272487
865;Мстислав;Сазонов;Никонович;20,61704584426109
866;Семён;Якшибаев;Ефремович;26,68028014091788
867;Василий;Терегулов;Сигизмундович;73,07875876923966
868;Валентин;Яковченко;Ростиславович;75,52617097996462
869;Федосий;Рюриков;Леонидович;67,11844316083867
870;Василий;Элефтеров;Даниилович;49,787348485452746
871;Юрий;Капылюшный;Адрианович;76,09861450088145
872;Серафим;Никаев;Владимирович;5,885858743398384
873;Мечислав;Тотенков;Святославович;68,66361683638004
874;Серафим;Сарана;Касьянович;54,84124107977433
875;Герман;Крамник;Вячеславович;64,54185902352532
876;Филимон;Собачкин;Никонович;72,79404307380041
877;Феоктист;Голубчиков;Афанасиевич;4,756347325051365
878;Адам;Островский;Иосифович;87,40906509915789
879;Андрей;Цур-Милен;Егорович;59,39720215247814
880;Федот;Гребенщиков;Эдуардович;8,328314408812819
881;Федосий;Лобза;Яковович;8,99212714703387
882;Вацлав;Аршавин;Анатолиевич;2,667130112027344
883;Глеб;Сарана;Александрович;52,53777101288446
884;Капитон;Суботин;Саввевич;53,270115541885666
885;Герман;Яровый;Ульянович;54,13091688143597
886;Леонид;Тотенков;Валерьянович;24,289708083630405
887;Владимир;Касатый;Федосиевич;69,33202923710087
888;Архип;Гадолин;Вячеславович;17,204676576519702
889;Герман;Квятковский;Семенович;59,06584586904656
890;Игнатий;Симакин;Агапович;77,2421094948622
891;Федосий;Ковальчук;Филимонович;3,9669640380735336
892;Игнатий;Ермолин;Федорович;60,25482488807982
893;Родион;Пищальников;Ипатиевич;39,698637993865944
894;Артем;Михальченков;Агапович;42,55431054278943
895;Мирослав;Цур-Милен;Яковович;22,70774050741817
896;Архип;Косомов;Денисович;77,46959737384206
897;Сергей;Жванец;Сократович;55,08824393855791
898;Зиновий;Поздов;Кириллович;70,42936723233638
899;Капитон;Блоков;Самуилович;44,408955678534205
900;Никанор;Пищальников;Игоревич;82,85544979518998
901;Еремей;Бессмертный;Сигизмундович;68,49263565078965
902;Изяслав;Смолин;Леонидович;85,60304608456933
903;Агафон;Косяк;Агапович;33,81704428876613
904;Модест;Островский;Панкратиевич;89,03423868540406
905;Филимон;Тотенков;Глебович;89,9819535156628
906;Тарас;Ялбачев;Федотович;32,55461567666131
907;Никифор;Голубчиков;Феоктистович;63,048383390087814
908;Дементий;Каменских;Леонович;60,76614966651711
909;Серафим;Травкин;Родионович;66,22115879609304
910;Феоктист;Лихачев;Сергеевич;13,398983056377144
911;Борислав;Бикеев;Онуфриевич;22,783483528896927
912;Виталий;Шкригунов;Федотович;31,790151694691808
913;Самсон;Нюхтилин;Феоктистович;63,92684945088198
914;Никифор;Рюриков;Изяславович;50,35462297981355
915;Мирослав;Грибков;Андреевич;35,17645058928824
916;Сергей;Ростов;Валерьянович;52,11984941368916
917;Фадей;Бессмертный;Святославович;21,303781550984727
918;Глеб;Аршавин;Богданович;23,926587600226785
919;Адриан;Гадолин;Михаилович;78,83307592888971
920;Еремей;Бессмертный;Панкратиевич;50,88096417062029
921;Капитон;Жванец;Ипатиевич;18,893060748881226
922;Серафим;Курзыбов;Ульянович;38,67915688952392
923;Марк;Собачкин;Ростиславович;4,241439515837207
924;Владимир;Крутов;Касьянович;47,15439414007328
925;Глеб;Болтунов;Родионович;31,089300304227187
926;Виталий;Блоков;Денисович;39,31766922553893
927;Емельян;Курепин;Владимирович;77,11733070999259
928;Максим;Островский;Иннокентиевич;30,656973799065206
929;Семён;Толбанов;Онуфриевич;36,91925198627601
930;Адам;Шаньгин;Егорович;44,70871838028948
931;Капитон;Суботин;Чеславович;27,584083065196914
932;Платон;Геремеш;Федосиевич;94,80149177592317
933;Сократ;Кудяшов;Самсонович;26,886832493770324
934;Онуфрий;Радыгин;Леонович;37,431846529912136
935;Феоктист;Трапезников;Макарович;10,053031244339902
936;Капитон;Шаньгин;Ерофеевич;49,633433739484026
937;Авдей;Ли;Прокофиевич;96,64147156134317
938;Ростислав;Карабатов;Анатолиевич;58,87746948696555
939;Дементий;Терентьев;Никонович;5,378298650206205
940;Трофим;Голубев;Прокофиевич;73,92222549483284
941;Прохор;Карабатов;Богданович;95,622298911038
942;Ульян;Алогрин;Вадимович;40,52601747239289
943;Александр;Аршавин;Леонтиевич;77,42532267115327
944;Андрей;Рюриков;Георгиевич;56,83692556658616
945;Еремей;Михальченков;Казимирович;50,88793837972355
946;Леонид;Ярославцев;Артемиевич;92,41938409042515
947;Максим;Ли;Артемович;94,6114780821891
948;Мирослав;Крамник;Эдуардович;17,3515743